Country Name,Country Code,Indicator Name,Indicator Code,1980,1981,1982,1983,1984,1985,1986,1987,1988,1989,1990,1991,1992,1993,1994,1995,1996,1997,1998,1999,2000,2001,2002,2003,2004,2005,2006,2007,2008,2009,2010,2011,2012,2013
Bangladesh,BGD,Domestic credit to private sector (% of GDP),FS.AST.PRVT.GD.ZS,5.77134167,6.96069362,7.343810472,9.257545774,12.12486244,13.44084108,13.15681747,13.67809474,14.94357624,16.56707066,16.65563246,15.91992909,14.54554809,15.29431233,16.27119219,20.88175803,21.59652113,22.78517429,23.23598683,23.54851293,24.66553205,27.78351418,30.14886476,30.17425305,32.13184488,33.80564705,36.15915602,37.28677529,39.21004341,41.50533381,47.0504057,48.82046561,49.41992595,48.27489601
Bangladesh,BGD,"Final consumption expenditure, etc. (% of GDP)",NE.CON.TETC.ZS,97.94927224,91.60789232,92.91148339,92.3623833,93.75626548,91.36444201,90.16739609,90.92675526,90.75855482,90.79214191,90.35441689,88.66864138,87.45561836,87.14021686,86.46022078,87.36043346,87.61566162,85.30188385,83.31641398,83.27201406,82.22333293,83.03154768,81.62356653,82.41616794,81.32545842,81.93724424,81.62038199,82.45986206,84.20396451,82.75254914,82.19631662,83.55875368,82.40851573,81.30555045
Bangladesh,BGD,GDP growth (annual %),NY.GDP.MKTP.KD.ZG,0.819141865,3.801998047,2.376466818,4.016088042,5.180672299,3.223280624,4.248570449,3.73226373,2.159202308,2.612351812,5.941307144,3.339355537,5.039133121,4.57437555,4.084703532,4.92505218,4.621967972,5.387551729,5.227531388,4.869230207,5.94450677,5.274014114,4.415410923,5.255994272,6.2705029,5.955478473,6.629337175,6.427842521,6.190431553,5.741158626,6.069339864,6.708097255,6.233705051,6.030242521
Bangladesh,BGD,GDP per capita (constant 2005 US$),NY.GDP.PCAP.KD,243.5108965,246.0127857,245.2157834,248.3902853,254.4153651,255.6989587,259.5062591,262.0869783,260.7825622,260.8371954,269.6270631,272.171042,279.5383878,286.0499947,291.4636307,299.4399816,306.8012165,316.7459083,326.6806006,336.0283728,349.5053333,361.5308569,371.2207201,384.613043,402.8003249,421.1233114,443.6676994,467.0649808,490.9072519,513.7678115,539.0999313,568.7266369,597.0206457,625.3434838
Bangladesh,BGD,GDP per capita growth (annual %),NY.GDP.PCAP.KD.ZG,-1.938670651,1.027423928,-0.323967846,1.294574885,2.425650318,0.504526765,1.488977682,0.994472815,-0.497703505,0.020949687,3.369867455,0.94351762,2.706880844,2.329414225,1.892548872,2.736653943,2.458333987,3.241412124,3.136486394,2.861440876,4.010661462,3.440726773,2.680231314,3.607644218,4.728722083,4.548900631,5.353393515,5.273604876,5.104701069,4.656798102,4.930655303,5.49558697,4.974975128,4.744029926
Bangladesh,BGD,GINI index,SI.POV.GINI,,,,,25.88,,26.92,,,28.85,,,27.6,,,,33.46,,,,33.46,,,,,33.22,,,,,32.12,,,
Bangladesh,BGD,Gross domestic savings (% of GDP),NY.GDS.TOTL.ZS,2.050727764,8.392107681,7.088516614,7.637616701,6.243734521,8.635557992,9.832603909,9.073244736,9.241445178,9.207858091,9.645583111,11.33135862,12.54438164,12.85978314,13.53977922,12.63956654,12.38433838,14.69811615,16.68358602,16.72798594,17.77666707,16.96845232,18.37643347,17.58383206,18.67454158,18.06275576,18.37961801,17.54013794,15.79603549,17.24745086,17.80368338,16.44124632,17.59148427,18.69444955
Bangladesh,BGD,Gross fixed capital formation (% of GDP),NE.GDI.FTOT.ZS,14.4393913,17.62143939,17.81970476,16.97174682,15.91998154,16.31817405,16.70135975,16.01624821,16.31307279,16.72359471,17.05412214,16.89596849,17.30503485,17.94682661,18.40255659,19.11979335,19.99322178,20.72286618,21.63241709,22.1930558,23.02397236,23.08701681,23.14749946,23.4053086,24.02311178,24.52721422,24.65061883,24.46587336,24.20791085,24.37222997,24.41375017,25.15082762,26.541805,26.84163487
Bangladesh,BGD,Household final consumption expenditure per capita (constant 2005 US$),NE.CON.PRVT.PC.KD,266.6207195,263.3966115,248.3201911,248.1601425,259.0642805,255.5703522,255.9152676,255.9806433,258.9969026,254.7357925,267.5390406,260.5081623,264.7745414,267.912551,271.8751502,276.1773724,270.2052583,276.5208664,273.9224861,272.0982297,278.1090289,286.2251885,295.2051868,300.8196442,305.8890305,313.5153298,323.1208222,338.3769154,353.3190062,370.4821204,385.1187098,403.6642015,416.8025388,433.0106594
Bangladesh,BGD,Market capitalization of listed companies (% of GDP),CM.MKT.LCAP.GD.ZS,,,,,,,,,1.677148888,1.774448221,1.065426609,0.868934765,0.990259388,1.365834771,3.109391831,3.526643944,11.19116276,3.631955663,2.345109692,1.893907141,2.516608755,2.43586411,2.507676396,3.123474541,5.864456096,5.035704748,5.832301888,9.929384141,8.384911674,7.909458367,15.6270628,21.04094578,15.06386825,
Bangladesh,BGD,Mobile cellular subscriptions (per 100 people),IT.CEL.SETS.P2,0,0,0,0,0,0,0,0,0,0,0,0,0.000222359,0.00043517,0.000940619,0.0020856,0.00326795,0.020809104,0.058833439,0.114644643,0.210751714,0.385958523,0.784635571,0.980702181,1.969454675,6.28776238,13.20573922,23.46762823,30.16828408,34.35334451,44.94535882,55.19256723,62.82023906,67.08453366
Bangladesh,BGD,Poverty gap at $2 a day (PPP) (%),SI.POV.GAP2,,,,,45.77,,42.35,,,47.14,,,46.61,,,,40.85,,,,39.39,,,,,34.34,,,,,30.35,,,
Bangladesh,BGD,Poverty headcount ratio at $2 a day (PPP) (% of population),SI.POV.2DAY,,,,,93.09,,90.64,,,92.26,,,92.99,,,,85.54,,,,84.4,,,,,80.32,,,,,76.54,,,
Bangladesh,BGD,Telephone lines (per 100 people),IT.MLT.MAIN.P2,0.115153693,0.119154158,0.124051548,0.128166027,0.131911007,0.160572338,0.16922814,0.17531693,0.183192115,0.183242222,0.203006268,0.201495271,0.206971446,0.214057667,0.223460113,0.239097349,0.258234221,0.294542456,0.323667852,0.333137327,0.371121682,0.419269713,0.442265132,0.533134133,0.588345519,0.747545083,0.782777773,0.810421118,0.908600595,0.825999595,0.847495765,0.639594695,0.621601676,0.727319695
Bangladesh,BGD,Trade (% of GDP),NE.TRD.GNFS.ZS,23.37723111,19.76960042,21.14861503,20.81859773,16.23624147,18.78301041,17.57097857,17.27320324,18.32637647,19.01026052,19.65267749,18.88985039,19.93401193,23.12157612,22.86586506,28.20949242,29.77754081,30.01163141,31.60619744,31.85240042,33.20734503,36.88216437,33.32301126,34.24910698,36.27827593,39.62709094,44.21832165,46.47911887,49.09107798,45.98002717,43.42240362,54.51129792,55.29305181,53.83279959
Bhutan,BTN,Domestic credit to private sector (% of GDP),FS.AST.PRVT.GD.ZS,,,,2.577106958,3.005954305,2.600535475,2.650286751,2.508194574,2.933231723,4.291455778,4.112948789,5.383357652,6.548636583,6.814961351,8.521437985,7.638361665,6.675086486,11.0805317,9.466239345,8.258292287,8.854480521,9.781603034,11.52629556,13.59410994,16.01226839,18.19598819,21.6385624,24.08640542,30.38342064,32.37222227,41.43414733,47.08817157,45.35641711,44.20726866
Bhutan,BTN,"Final consumption expenditure, etc. (% of GDP)",NE.CON.TETC.ZS,94.14276332,100.503712,98.81865193,95.19793884,94.7483299,92.60183973,93.13072379,77.6931655,82.61547711,77.49039899,73.43518959,76.95884234,78.33381202,69.06449376,58.60386898,59.48320747,67.89682391,77.47161743,81.54459457,80.76867018,76.30311217,57.95893549,59.84753188,59.98828092,64.59960343,74.76394336,58.62798358,65.41163391,71.31831829,75.27256494,66.32577601,63.56727491,64.5674233,58.08856837
Bhutan,BTN,GDP growth (annual %),NY.GDP.MKTP.KD.ZG,,13.90772856,3.413942152,11.31071267,4.482105875,4.211773999,11.730578,28.69626499,4.98728977,7.43262602,10.87643422,-0.407876048,4.60089174,1.986366912,4.951503165,7.074117383,5.565172706,5.373838635,5.914030812,7.98397233,6.933024023,8.203773885,10.72784086,7.664333953,5.896408047,7.122559851,6.849365814,17.92582502,4.768354169,6.657223796,11.73085436,8.554492551,4.620016905,4.981880758
Bhutan,BTN,GDP per capita (constant 2005 US$),NY.GDP.PCAP.KD,325.1378503,360.4563686,363.7474092,395.4128522,402.8571187,408.2992459,441.9307108,549.6815553,559.1193254,586.8223723,643.0948167,641.4691846,679.3662122,705.2055932,750.9279649,807.9709898,847.130414,878.005396,907.9935844,953.9253237,991.591303,1042.392413,1120.337772,1171.120771,1205.917533,1258.990995,1314.601196,1518.770703,1561.779187,1636.473167,1796.82876,1917.139309,1972.203724,2037.159413
Bhutan,BTN,GDP per capita growth (annual %),NY.GDP.PCAP.KD.ZG,,10.86262898,0.913020524,8.705338423,1.882656687,1.350882709,8.236964727,24.38184129,1.716952315,4.954764675,9.589348847,-0.25278264,5.907848504,3.803453934,6.483552051,7.596337816,4.846637398,3.644655128,3.415490216,5.058597335,3.948524933,5.123190343,7.477544716,4.532829387,2.971235968,4.401085506,4.417045237,15.53090828,2.831795772,4.782621001,9.798852612,6.695715875,2.872217744,3.293558762
Bhutan,BTN,GINI index,SI.POV.GINI,,,,,,,,,,,,,,,,,,,,,,,,46.83,,,,38.06,,,,,38.73,
Bhutan,BTN,Gross domestic savings (% of GDP),NY.GDS.TOTL.ZS,5.857236684,-0.503712031,1.181348068,4.802061162,5.251670096,7.398160273,6.869276209,22.3068345,17.38452289,22.50960101,26.56481041,23.04115766,21.66618798,30.93550624,41.39613102,40.51679253,32.10317609,22.52838257,18.45540543,19.23132982,23.69688783,42.04106451,40.15246812,40.01171908,35.40039657,25.23605664,41.37201642,34.58836609,28.68168171,24.72743506,33.67422399,36.43272509,35.4325767,41.91143163
Bhutan,BTN,Gross fixed capital formation (% of GDP),NE.GDI.FTOT.ZS,31.16878436,32.76505773,35.09741313,38.69188682,36.28059993,43.15410826,40.57379054,35.6150719,38.16491318,35.13322407,30.97951515,32.31949153,40.36095326,45.22580121,45.47003523,43.08088889,42.57148285,37.99695232,37.52933441,43.38138964,49.9887502,59.46043577,60.54118038,58.34951294,63.04871595,49.9270007,46.16029966,39.50493444,38.66077084,41.32765535,51.55055708,66.50394377,64.01057798,69.06267553
Bhutan,BTN,Household final consumption expenditure per capita (constant 2005 US$),NE.CON.PRVT.PC.KD,,,,,,,,,,,,,,,,,,,,,449.4402437,462.8298425,481.8123758,517.9488784,515.0830487,508.5232043,503.4074877,565.5812685,585.3815081,586.6892643,709.6397606,733.7638462,770.9212746,809.0836454
Bhutan,BTN,Market capitalization of listed companies (% of GDP),CM.MKT.LCAP.GD.ZS,,,,,,,,,,,,,,,,,10.42914806,9.837019706,10.34606016,,,,,,,,,,,,,,,
Bhutan,BTN,Mobile cellular subscriptions (per 100 people),IT.CEL.SETS.P2,0,0,0,0,0,0,0,0,0,0,0,0,0,0,0,0,0,0,0,0,0,0,0,0.365843964,3.019121524,5.53491068,12.33202317,21.99686472,36.61427504,48.10756491,54.99993723,66.37918152,75.6097824,72.19831102
Bhutan,BTN,Poverty gap at $2 a day (PPP) (%),SI.POV.GAP2,,,,,,,,,,,,,,,,,,,,,,,,17.32,,,,8.53,,,,,3.29,
Bhutan,BTN,Poverty headcount ratio at $2 a day (PPP) (% of population),SI.POV.2DAY,,,,,,,,,,,,,,,,,,,,,,,,46.94,,,,29.76,,,,,15.15,
Bhutan,BTN,Telephone lines (per 100 people),IT.MLT.MAIN.P2,0.288313608,0.282964144,0.299131139,0.314601086,0.317730223,0.319663118,0.330312352,0.329215151,0.32862561,0.347107469,0.349237874,0.467372711,0.560094188,0.733832188,0.893687889,1.029846495,1.184953394,1.233819314,1.955457463,2.185567236,2.506423319,3.021752902,3.277606503,3.838035767,4.777620198,5.073668124,4.736706092,4.394839298,3.969463664,3.739734466,3.667257605,3.768701272,3.640361165,3.512846394
Bhutan,BTN,Trade (% of GDP),NE.TRD.GNFS.ZS,51.34797418,63.47852225,61.3938867,57.83123684,58.06120354,66.13058444,70.05223764,61.6385007,77.18904308,66.01540618,57.48298376,72.28102945,87.89033302,75.66203346,68.95478401,80.39846246,81.15644952,82.02069343,82.51759993,81.81567371,82.46935573,76.19172964,69.55953629,70.35780937,89.09429849,101.1758473,113.5973084,112.2510398,104.236446,107.8947583,98.23134061,109.9020879,100.5228516,102.6472667
China,CHN,Domestic credit to private sector (% of GDP),FS.AST.PRVT.GD.ZS,53.11262027,56.51978918,57.33794409,57.54319132,61.31476539,66.8009712,76.72080296,78.78765432,74.6601884,77.98405807,87.14728302,89.27163201,87.24244821,97.83317387,86.66588741,84.96254576,90.25621838,97.63462934,106.1818475,111.4757284,112.3164548,111.256833,118.8508217,127.1511821,120.0918539,113.283184,110.7348708,107.4916712,103.6922888,127.1869781,129.9232492,126.9561085,133.6653429,140.0141475
China,CHN,"Final consumption expenditure, etc. (% of GDP)",NE.CON.TETC.ZS,,,64.79938155,64.98372325,65.11740678,65.75312546,64.18683382,62.90758711,63.11142705,63.82392499,61.12382238,61.04268918,61.51338509,57.43960833,56.48109832,56.46150179,57.50844288,57.55771664,58.59888684,60.42683348,62.47217678,61.61230132,59.56271222,56.61410759,54.08758088,52.38070186,49.3290023,49.45030277,48.23931225,47.34559974,48.02120515,49.25152764,48.52284172,48.15221752
China,CHN,GDP growth (annual %),NY.GDP.MKTP.KD.ZG,7.572854,7.841442,5.24311,9.056871,10.852979,15.176021,13.466193,8.846377,11.583264,11.280584,4.063203,3.839025,9.178937,14.240706,13.964315,13.080682,10.92498,10.008523,9.297034,7.833347,7.619836,8.300318,9.082068,10.025379,10.08504,11.310035,12.676534,14.162395,9.634668,9.214199,10.446989,9.299885,7.652553,7.671191
China,CHN,GDP per capita (constant 2005 US$),NY.GDP.PCAP.KD,221.6542825,235.9927753,244.7353114,263.0718215,287.8216498,327.0180654,365.5767244,391.5868929,429.9666369,471.189584,483.1927993,494.9432363,533.791703,602.8370885,679.2977695,759.8536577,834.0792109,908.215362,983.1730051,1051.048329,1122.258646,1206.613169,1307.409549,1429.550412,1564.401999,1731.125235,1939.710771,2202.885127,2402.782656,2611.160054,2870.052933,3121.969728,3344.544691,3583.375886
China,CHN,GDP per capita growth (annual %),NY.GDP.PCAP.KD.ZG,6.23207834,6.468854385,3.704577875,7.492384318,9.408011902,13.61829994,11.79098744,7.114831643,9.801079846,9.587475754,2.547427984,2.43183197,7.849075187,12.93489297,12.68347327,11.85870053,9.768401115,8.888382561,8.253289502,6.903700947,6.775170576,7.516495673,8.353661501,9.342203719,9.433146644,10.65731416,12.04913038,13.56771121,9.07435101,8.672336566,9.914860583,8.777426785,7.129311994,7.140918039
China,CHN,GINI index,SI.POV.GINI,,29.11,,,27.69,,,29.85,,,32.43,,,35.5,,,35.7,,,39.23,,,42.59,,,42.48,,,42.63,,42.06,,,
China,CHN,Gross domestic savings (% of GDP),NY.GDS.TOTL.ZS,,,35.20061845,35.01627675,34.88259322,34.24687454,35.81316618,37.09241289,36.88857295,36.17607501,38.87617762,38.95731082,38.48661491,42.56039167,43.51890168,43.53849821,42.49155712,42.44228336,41.40111316,39.57316652,37.52782322,38.38769868,40.43728778,43.38589241,45.91241912,47.61929814,50.6709977,50.54969723,51.76068775,52.65440026,51.97879485,50.74847236,51.47715828,51.84778248
China,CHN,Gross fixed capital formation (% of GDP),NE.GDI.FTOT.ZS,29.09171563,27.37980745,28.23785262,28.90157139,29.78613478,29.63608206,30.55615804,31.50195906,31.25676608,26.00822155,25.86161312,27.86906395,31.62184503,37.66691673,35.92006217,34.35387214,33.78652931,32.87831093,33.84861177,34.04137222,34.11233386,34.43020499,36.25955695,39.38272313,40.72955859,40.1394616,40.66028445,39.10631117,40.78531613,45.96025231,45.73083707,45.58870308,46.53912523,47.30204199
China,CHN,Household final consumption expenditure per capita (constant 2005 US$),NE.CON.PRVT.PC.KD,153.5866945,161.190549,169.054022,182.1771938,198.5712522,225.4894749,230.8770093,245.7071514,263.8645048,261.9332952,261.8030407,272.1918542,304.7011277,332.9030536,346.607365,380.5341849,412.3899501,426.5116628,448.8334871,482.0336038,515.0774316,540.7385529,572.4127755,605.7324388,645.8845352,682.9375383,739.0385222,812.0002041,874.6075265,952.467245,1025.40051,1132.932365,1220.874896,1306.77672
China,CHN,Market capitalization of listed companies (% of GDP),CM.MKT.LCAP.GD.ZS,,,,,,,,,,,,0.534958559,4.329715731,9.216773487,7.778633164,5.776725807,13.28782181,21.66223956,22.69059642,30.52801297,48.47751685,39.54927367,31.85246953,41.51254176,33.12020438,34.5944359,89.43493359,178.1970693,61.78061285,100.3489331,80.3108497,46.2871925,44.92837377,
China,CHN,Mobile cellular subscriptions (per 100 people),IT.CEL.SETS.P2,0,0,0,0,0,0,0,6.35E-05,0.000286863,0.000855603,0.001571868,0.004018906,0.014759086,0.052592372,0.127903776,0.293245078,0.549163873,1.052726386,1.886071369,3.401326149,6.658707962,11.24474524,15.90376731,20.72082242,25.55100154,29.84470593,34.76674887,41.01687431,47.75671627,55.29808341,63.17027802,72.0713209,80.76271455,88.70833462
China,CHN,Poverty gap at $2 a day (PPP) (%),SI.POV.GAP2,,59.44,,,47.33,,,38.16,,,41.19,,,37.34,,,26.92,,,25.85,,,20.42,,,12.11,,,9.53,,7.34,5.46,,
China,CHN,Poverty headcount ratio at $2 a day (PPP) (% of population),SI.POV.2DAY,,97.85,,,92.91,,,83.63,,,84.97,,,79.56,,,66.2,,,61.88,,,50.73,,,36.03,,,28.33,,23.19,18.61,,
China,CHN,Telephone lines (per 100 people),IT.MLT.MAIN.P2,0.217547347,0.222518293,0.231350303,0.244019216,0.265634135,0.29370256,0.323836207,0.35415093,0.420204752,0.495682498,0.587792152,0.714331355,0.956655147,1.428731968,2.226512718,3.289265957,4.403167565,5.593379597,6.909530499,8.54069123,11.31097836,14.0049179,16.53812694,20.16771041,23.79064236,26.58558326,27.73343809,27.40201436,25.34823382,23.21795135,21.64865077,20.83503387,20.19897527,19.26901328
China,CHN,Trade (% of GDP),NE.TRD.GNFS.ZS,,,15.12309196,14.54508987,17.25996606,22.4479447,22.43188748,24.09179032,23.72492425,22.28935664,26.67145069,29.37180377,31.26536344,30.15260518,41.21727895,38.80756282,38.05745054,39.01267607,36.39314281,37.96686524,44.24362337,43.08019713,47.69731271,56.93216421,65.51084195,68.61870494,70.55319578,67.98414918,62.24882112,49.0212234,55.03337471,54.57721811,51.82489065,50.24073169
India,IND,Domestic credit to private sector (% of GDP),FS.AST.PRVT.GD.ZS,20.18939881,20.85964818,22.29688001,22.49812072,23.864072,24.14031801,25.35632884,24.94490242,24.83950863,26.13154681,24.48702917,23.41118407,24.27257374,23.4213173,23.23978681,22.12280848,22.9991082,23.14935662,23.26966823,24.98470706,27.85112778,28.12616867,31.74969675,31.08119674,35.56804934,39.40356574,43.22063097,44.81872583,48.53904748,47.29669042,49.58349467,49.73290024,51.02003779,51.82493981
India,IND,"Final consumption expenditure, etc. (% of GDP)",NE.CON.TETC.ZS,85.00716534,80.74558602,80.07434237,81.98577286,79.87960284,78.87866861,78.33232258,78.74993442,77.55448916,77.20707995,76.46664911,77.50793902,76.49201003,78.69703755,77.1028351,75.10584644,79.08177591,76.70335205,78.11988932,75.05464588,76.77608106,75.28857434,75.99472231,74.54643078,69.30065081,68.46525706,67.28715514,65.9802181,69.54159067,69.08074985,67.83930196,69.95789174,72.04087342,73.57967959
India,IND,GDP growth (annual %),NY.GDP.MKTP.KD.ZG,6.735821528,6.006203624,3.47573324,7.288892901,3.820737856,5.254299223,4.77656417,3.965355634,9.62778292,5.947343328,5.533454563,1.056831433,5.482396022,4.75077622,6.658924067,7.57449184,7.549522249,4.049820849,6.184415821,8.845755561,3.840991157,4.823966264,3.803975321,7.860381475,7.922936613,9.284831507,9.263964759,9.801360337,3.890957062,8.479783897,10.25996306,6.6383638,4.736279635,5.016994509
India,IND,GDP per capita (constant 2005 US$),NY.GDP.PCAP.KD,291.8162949,302.3616388,305.882186,320.9196054,325.8778582,335.5470675,344.0034888,350.02698,375.6712172,389.8132508,403.0902963,399.326886,413.1093458,424.5805261,444.4831328,469.4700614,495.9143631,506.9787202,529.098084,566.1987568,578.2172334,596.2482232,609.0393975,646.6535971,687.3061599,740.1142606,797.2578407,863.4626403,885.1714167,947.7458445,1031.561109,1086.048676,1123.202324,1164.996258
India,IND,GDP per capita growth (annual %),NY.GDP.PCAP.KD.ZG,4.302760806,3.613692622,1.164349822,4.916082086,1.545013988,2.967126827,2.520189282,1.750997135,7.326360151,3.76447088,3.406001598,-0.933639532,3.451422969,2.776790315,4.687592917,5.621569576,5.632798327,2.231102371,4.36297676,7.012059559,2.122660381,3.118376394,2.145276728,6.175987911,6.286605846,7.683344589,7.720913264,8.304063785,2.514153526,7.06918757,8.843643623,5.282049333,3.42099288,3.72096223
India,IND,GINI index,SI.POV.GINI,,,,31.11,,,,,31.88,,,,,,30.82,,,,,,,,,,,33.38,,,,33.9,,,,
India,IND,Gross domestic savings (% of GDP),NY.GDS.TOTL.ZS,14.99283466,19.25441398,19.92565763,18.01422714,20.12039716,21.12133139,21.66767742,21.25006558,22.44551084,22.79292005,23.53335089,22.49206098,23.50798997,21.30296245,22.8971649,24.89415356,20.91822409,23.29664795,21.88011068,24.94535412,23.22391894,24.71142566,24.00527769,25.45356922,30.69934919,31.53474294,32.71284486,34.0197819,30.45840933,30.91925015,32.16069804,30.04210826,27.95912658,26.42032041
India,IND,Gross fixed capital formation (% of GDP),NE.GDI.FTOT.ZS,17.91944634,18.57166461,19.78451826,19.21436574,19.65972926,20.59933277,21.44657887,22.05367737,21.88569411,22.71101767,23.82464126,22.62528106,22.97206824,21.47921714,21.84813298,24.05152127,23.11360314,23.6837012,23.68161744,23.95625094,22.74240407,25.05427756,23.70041788,24.54609792,28.71582796,30.33252881,31.2890719,32.91846588,32.34597516,31.73551593,30.92283972,31.75527555,30.37137504,28.37115715
India,IND,Household final consumption expenditure per capita (constant 2005 US$),NE.CON.PRVT.PC.KD,220.9024584,225.3060884,222.4763478,234.4418845,235.912314,240.4179335,242.6638925,245.6352279,255.4887274,262.6419045,268.8416819,269.2318072,270.8572456,277.3051377,285.4080832,297.2866381,314.6866551,318.429755,333.3141698,347.6208881,353.6274325,368.5821199,373.1035036,389.0392974,402.9533426,431.3800052,461.3356784,497.6327051,526.4467073,557.9774432,598.6392816,645.7120483,669.5121189,693.3063968
India,IND,Market capitalization of listed companies (% of GDP),CM.MKT.LCAP.GD.ZS,,,,,,,,,7.819982982,9.062730078,11.81844835,17.35540432,22.19855387,34.48352208,38.43676899,34.69697844,30.66758904,30.35869947,24.53415759,39.54114403,31.06609065,22.34937167,25.00358409,45.13461809,53.74984695,66.29873555,86.27796876,146.8555996,52.7309352,86.36728359,94.57997625,54.00616583,67.96713245,
India,IND,Mobile cellular subscriptions (per 100 people),IT.CEL.SETS.P2,0,0,0,0,0,0,0,0,0,0,0,0,0,0,0,0.008022562,0.033701672,0.089033266,0.118621095,0.183832581,0.343205051,0.617271781,1.207386542,3.080125045,4.701852372,7.997206759,14.52388234,20.1553755,29.53103968,44.12009108,62.39006487,73.19803895,69.92238977,70.78318167
India,IND,Poverty gap at $2 a day (PPP) (%),SI.POV.GAP2,,,,38.2,,,,,36.74,,,,,,34.1,,,,,,,,,,,29.49,,,,24.47,,19.69,,
India,IND,Poverty headcount ratio at $2 a day (PPP) (% of population),SI.POV.2DAY,,,,84.79,,,,,83.77,,,,,,81.73,,,,,,,,,,,75.62,,,,68.76,,60.57,,
India,IND,Telephone lines (per 100 people),IT.MLT.MAIN.P2,0.307521583,0.321005931,0.337191205,0.356723119,0.378929624,0.404895255,0.436565967,0.465619495,0.500612886,0.538990882,0.584047453,0.655490206,0.752060939,0.871297401,1.043771899,1.253185334,1.494393178,1.797315757,2.142769516,2.586435562,3.112090965,3.637201954,3.846919276,3.839870938,4.159637944,4.451652062,3.566026396,3.386261828,3.22645912,3.113924423,2.910524437,2.676578788,2.489450902,2.307589992
India,IND,Trade (% of GDP),NE.TRD.GNFS.ZS,15.11942844,14.25723655,13.88247176,13.45464075,13.76792869,12.67770807,12.00867654,12.36791867,13.25794639,14.90671404,15.2390159,16.69494835,18.11541029,19.31285159,19.73210378,22.47333532,21.55153995,22.22954875,23.29101706,24.38790891,26.43729384,25.54526907,29.00009028,30.06518498,36.85744745,41.30519008,45.29779299,44.87619241,52.26948525,45.47695995,48.30832072,54.07795111,54.73235415,53.22609991
Maldives,MDV,Domestic credit to private sector (% of GDP),FS.AST.PRVT.GD.ZS,5.138490331,15.13280095,28.48938027,31.03041452,24.23173575,20.38092601,17.88941455,13.86464491,10.75054039,11.41292168,12.42855752,9.889057387,8.527350626,11.28117304,12.30101583,13.94966036,13.5332956,16.66373608,19.71358954,18.78505967,19.14798833,18.48467264,19.7055733,18.36380536,26.32657064,45.53066065,51.52877493,66.19431595,69.33266552,63.55426861,57.83027037,54.42030513,47.96439788,44.70082459
Maldives,MDV,"Final consumption expenditure, etc. (% of GDP)",NE.CON.TETC.ZS,,,,,,,,,,,,,,,,53.2484402,50.84512356,54.06608225,53.29613135,55.77998569,55.82244917,77.10521841,75.49653127,75.02142336,77.84448029,98.28284693,,,,,,,,
Maldives,MDV,GDP growth (annual %),NY.GDP.MKTP.KD.ZG,,,,,,,,,,,,,,,,,,,,,,,6.097943362,14.15338851,12.4810706,-8.67500052,19.58557542,10.55636093,12.1985755,-3.635041772,7.058757632,6.476152607,1.331629895,3.714479682
Maldives,MDV,GDP per capita (constant 2005 US$),NY.GDP.PCAP.KD,,,,,,,,,,,,,,,,,,,,,,2871.328733,2993.431633,3359.465549,3715.319441,3335.195,3919.279216,4256.906177,4690.904181,4438.128278,4663.377653,4871.600947,4841.985345,4926.052877
Maldives,MDV,GDP per capita growth (annual %),NY.GDP.PCAP.KD.ZG,,,,,,,,,,,,,,,,,,,,,,,4.252487647,12.22790297,10.59257455,-10.2312721,17.51274562,8.61451665,10.19515081,-5.388639226,5.075323661,4.465074668,-0.607923406,1.736220288
Maldives,MDV,GINI index,SI.POV.GINI,,,,,,,,,,,,,,,,,,,62.69,,,,,,37.37,,,,,,,,,
Maldives,MDV,Gross domestic savings (% of GDP),NY.GDS.TOTL.ZS,,,,,,,,,,,,,,,,46.7515598,49.15487644,45.93391775,46.70386865,44.22001431,44.17755083,22.89478159,24.50346873,24.97857664,22.15551971,1.717153066,,,,,,,,
Maldives,MDV,Gross fixed capital formation (% of GDP),NE.GDI.FTOT.ZS,23.70555209,29.13339249,30.69537387,28.25607064,21.37305699,25.87505538,24.88665484,39.20921305,36.76709214,39.95564375,36.74602015,,,,,31.49421861,30.53763441,33.16678285,30.05392192,33.63959623,26.32300879,21.86618119,19.74603875,19.78781671,25.27249525,40.41274055,,,,,,,,
Maldives,MDV,Household final consumption expenditure per capita (constant 2005 US$),NE.CON.PRVT.PC.KD,,,,,,,,,,,,,,,,,,,,,,,,,,,,,,,,,,
Maldives,MDV,Market capitalization of listed companies (% of GDP),CM.MKT.LCAP.GD.ZS,,,,,,,,,,,,,,,,,,,,,,,,,,,,,,,,,,
Maldives,MDV,Mobile cellular subscriptions (per 100 people),IT.CEL.SETS.P2,0,0,0,0,0,0,0,0,0,0,0,0,0,0,0,0,0.007978967,0.503224145,0.613040275,1.094011725,2.800417973,6.800683884,14.81875767,23.11105239,38.71591939,68.42621717,89.50813176,101.719445,138.8041154,143.2052806,151.783883,159.7911219,165.6257202,181.1940074
Maldives,MDV,Poverty gap at $2 a day (PPP) (%),SI.POV.GAP2,,,,,,,,,,,,,,,,,,,20.02,,,,,,2.53,,,,,,,,,
Maldives,MDV,Poverty headcount ratio at $2 a day (PPP) (% of population),SI.POV.2DAY,,,,,,,,,,,,,,,,,,,37.04,,,,,,12.22,,,,,,,,,
Maldives,MDV,Telephone lines (per 100 people),IT.MLT.MAIN.P2,,0.965765495,1.029972191,1.111013654,1.185014643,1.237890791,1.4738859,1.730165434,2.068231957,2.433844759,2.890775923,3.437960381,3.740405419,4.267778486,4.956308428,5.66162513,6.091143745,7.008859086,7.628648754,8.292578966,8.957817742,9.805453073,10.13323053,10.4508439,10.77007231,10.85302578,10.62692974,10.72641684,14.95174339,9.538259401,8.712472443,7.255003555,6.837212875,6.537825015
Maldives,MDV,Trade (% of GDP),NE.TRD.GNFS.ZS,358.6603244,375.3785862,355.2665115,299.4996321,164.1042746,138.4924679,128.8212103,145.8919002,144.534315,153.1640014,168.0796281,159.7916383,161.3326142,146.8539357,156.9461394,169.8558378,164.8085267,169.6779559,168.2118863,170.4314073,161.0911545,114.6953949,114.8260754,117.7515474,131.1699699,136.3378847,139.9203961,223.0640615,213.9262142,160.8503596,173.4029114,213.5083587,223.5966368,
Nepal,NPL,Domestic credit to private sector (% of GDP),FS.AST.PRVT.GD.ZS,8.573937229,9.190317566,8.631728625,8.095971564,8.485910323,9.852316146,10.58161654,10.45158462,11.78620654,13.04865071,12.8086563,13.35385013,13.4183155,14.57309798,18.55012245,22.83143607,23.19776388,23.88507426,28.66308232,28.87594825,30.67062082,29.41588018,22.86890082,26.14257403,27.09733041,28.72615081,33.15138628,37.28150565,51.65264553,59.17845463,54.58998779,52.95450097,56.12922384,58.11375646
Nepal,NPL,"Final consumption expenditure, etc. (% of GDP)",NE.CON.TETC.ZS,88.90411473,89.10902006,90.0671221,91.45142294,90.13455202,85.91422398,88.37628311,87.90456282,88.64255065,89.70881269,93.00831399,91.44008126,89.0712991,87.75275782,90.04064796,84.34470232,85.61753072,86.0391497,86.22612973,86.38652072,84.82771524,88.33526983,90.51046593,91.4387757,88.25074662,88.44441579,91.01690303,90.18269451,90.16891884,90.5663623,88.54862698,86.03296088,89.01334604,89.90176901
Nepal,NPL,GDP growth (annual %),NY.GDP.MKTP.KD.ZG,-2.319394194,8.341974142,3.779374617,-2.977405859,9.681130036,6.144905263,4.565650519,1.69561827,7.6968087,4.329647964,4.635036345,6.368150401,4.106406612,3.849850001,8.216002708,3.468451907,5.328284175,5.048612518,3.016389491,4.41257326,6.2,4.799762638,0.120266897,3.945037767,4.682603245,3.479181046,3.364614788,3.411560276,6.104639142,4.53307872,4.81641465,3.421828241,4.85247634,3.781821435
Nepal,NPL,GDP per capita (constant 2005 US$),NY.GDP.PCAP.KD,185.1317809,196.0324454,198.7847733,188.4350608,201.9509853,209.5019209,214.1682713,212.9704594,224.2381983,228.5753976,233.4695518,242.2089348,245.7828192,248.7094753,262.2501821,264.4694282,271.5940195,278.2936819,279.8603919,285.5806558,296.8240863,304.8779287,299.574268,306.0261469,315.2608726,321.4550186,327.8379018,334.8942034,351.2854436,363.121261,376.3422096,384.7718723,398.7730724,409.0438799
Nepal,NPL,GDP per capita growth (annual %),NY.GDP.PCAP.KD.ZG,-4.504947961,5.888056872,1.404016472,-5.206491584,7.172722775,3.738994184,2.22735447,-0.559285398,5.290752,1.934192903,2.141155303,3.743264569,1.475537781,1.19074887,5.444387162,0.846232434,2.693918674,2.466793048,0.562970042,2.043970512,3.937042044,2.713338561,-1.73960139,2.153682605,3.017626351,1.964768423,1.985622493,2.152375162,4.894453257,3.369287738,3.640918353,2.239892976,3.638831496,2.575602072
Nepal,NPL,GINI index,SI.POV.GINI,,,,,,30.06,,,,,,,,,,,35.23,,,,,,,43.83,,,,,,,32.82,,,
Nepal,NPL,Gross domestic savings (% of GDP),NY.GDS.TOTL.ZS,11.09588527,10.89097994,9.932877902,8.548577062,9.865447983,14.08577602,11.62371689,12.09543718,11.35744935,10.29118731,6.991686006,8.559918741,10.9287009,12.24724218,9.959352041,15.65529768,14.38246928,13.9608503,13.77387027,13.61347928,15.17228476,11.66473017,9.489534066,8.561224303,11.74925338,11.55558421,8.983096972,9.817305486,9.831081164,9.433637703,11.45137302,13.96703912,10.98665396,10.09823099
Nepal,NPL,Gross fixed capital formation (% of GDP),NE.GDI.FTOT.ZS,15.76377923,15.74321543,17.63585927,19.47867299,17.53490725,20.84317177,18.16811428,19.50864337,19.92172262,18.12051216,16.12032954,18.40049757,19.17108013,21.21902073,21.09277771,22.06912285,22.53036201,21.67243586,21.73045921,19.08249424,19.32182309,19.19509693,19.56477735,19.92418194,20.34116505,19.94173855,20.720886,21.06778122,21.87755162,21.35434374,22.20772753,21.41476597,20.76709635,22.5772948
Nepal,NPL,Household final consumption expenditure per capita (constant 2005 US$),NE.CON.PRVT.PC.KD,,,,,,,,,,,,,,,,,,,,,,238.4279959,242.016775,244.7477759,242.564427,250.6196425,260.514391,264.9413831,265.2097344,277.297989,290.7525594,288.7776826,331.3319146,338.6313891
Nepal,NPL,Market capitalization of listed companies (% of GDP),CM.MKT.LCAP.GD.ZS,,,,,,,,,,,,,,,6.491629531,5.544062963,4.578045341,4.066121713,5.498063787,7.659642274,14.37407622,8.223655154,6.896323992,7.625732604,11.72537884,16.530111,19.96177638,47.54613227,39.01109846,42.51781535,32.73130819,20.41719527,21.66010837,
Nepal,NPL,Mobile cellular subscriptions (per 100 people),IT.CEL.SETS.P2,0,0,0,0,0,0,0,0,0,0,0,0,0,0,0,0,0,0,0,0.024239584,0.044107669,0.073075092,0.09078175,0.333803225,0.468575643,0.898764347,4.513927046,12.5968872,16.00035841,21.08831049,34.25298562,49.17622818,60.45131433,71.46285
Nepal,NPL,Poverty gap at $2 a day (PPP) (%),SI.POV.GAP2,,,,,,52.44,,,,,,,,,,,46.28,,,,,,,36.61,,,,,,,18.36,,,
Nepal,NPL,Poverty headcount ratio at $2 a day (PPP) (% of population),SI.POV.2DAY,,,,,,93.63,,,,,,,,,,,88.97,,,,,,,77.3,,,,,,,55.95,,,
Nepal,NPL,Telephone lines (per 100 people),IT.MLT.MAIN.P2,0.079249967,0.086966991,0.094868233,0.106997331,0.117834579,0.128165461,0.157449378,0.1800364,0.219988808,0.257116476,0.316489244,0.349466556,0.361589615,0.371751528,0.376952122,0.406627297,0.533476459,0.646680961,0.93972018,1.115175135,1.151173061,1.260031708,1.359477559,1.51603674,1.677014322,1.916174635,2.385671273,2.701832006,3.066967748,3.061279883,3.135280855,3.113604997,3.027195121,3.062147016
Nepal,NPL,Trade (% of GDP),NE.TRD.GNFS.ZS,30.27279552,32.51913545,30.398864,31.54620967,30.10154979,31.52878547,31.96504199,32.71988914,33.82903805,33.35092809,32.18875416,34.67505513,41.69541314,47.18958118,50.43207274,59.4905184,58.45776868,64.03553489,56.70960129,52.56698125,55.710589,55.83717422,46.2307185,44.24788362,46.14728672,44.06294748,44.76197247,44.57935746,46.03620635,47.07944776,45.98490577,41.82825464,43.65820666,48.21335627
Pakistan,PAK,Domestic credit to private sector (% of GDP),FS.AST.PRVT.GD.ZS,23.40714136,24.03952655,24.70284546,26.37626967,24.21806057,27.78217865,29.78607651,27.64354771,26.3685972,24.91285988,24.15733233,22.32179038,23.61732951,24.55220807,24.00602394,24.2071212,24.69397544,24.64621515,25.11394294,25.47431764,22.33610055,21.77550249,21.67394996,24.5972843,28.73612288,28.64556073,26.84998832,27.84320979,28.73378017,22.72278659,21.41291755,18.11797782,16.89991911,15.74525741
Pakistan,PAK,"Final consumption expenditure, etc. (% of GDP)",NE.CON.TETC.ZS,93.13083078,91.92097569,92.55767068,92.25926419,93.28523012,94.0706518,91.99150874,88.63447268,90.06955235,88.95238527,88.8975085,82.53439478,82.93251599,85.31613056,83.21559614,84.16729102,85.52726594,86.76916311,83.33094318,86.04802172,84.02032769,84.0560986,83.50763387,82.64854231,82.38831822,84.79304383,88.08180464,87.77413243,91.62373474,89.73086297,90.03183293,90.8894015,93.01400308,91.85352235
Pakistan,PAK,GDP growth (annual %),NY.GDP.MKTP.KD.ZG,10.21570404,7.920763572,6.537486802,6.778378338,5.065205603,7.592114701,5.501653664,6.452343023,7.625278781,4.959768894,4.458586816,5.061567753,7.705897824,1.757747697,3.737415554,4.962609149,4.846581284,1.014396016,2.550234294,3.660132744,4.260088011,1.982484033,3.224429973,4.846320936,7.368571358,7.667304273,6.177542036,4.832817277,1.701405465,2.831658519,1.606680858,2.785944292,4.015907671,6.069552039
Pakistan,PAK,GDP per capita (constant 2005 US$),NY.GDP.PCAP.KD,396.4099687,413.5948442,425.8680926,439.459374,446.2712776,464.2446031,473.7175154,487.953298,508.5634791,517.5459473,524.9244786,536.3423333,562.5908032,557.9919067,564.2442271,577.1055257,589.2878836,579.6093183,579.0398116,585.5410044,596.6842953,595.9788713,603.5382118,621.4691298,655.5154566,693.1766897,722.5758503,743.5297851,742.2357121,749.4060345,748.0104878,755.6822282,772.8952047,806.3826092
Pakistan,PAK,GDP per capita growth (annual %),NY.GDP.PCAP.KD.ZG,6.602479474,4.335126965,2.967456825,3.191429833,1.550064476,4.027443925,2.040500253,3.005120607,4.223801984,1.766243263,1.425676573,2.17514236,4.893976898,-0.817449641,1.120503776,2.279385063,2.11094113,-1.642417157,-0.098256993,1.122754011,1.903076099,-0.118223982,1.26839068,2.970966487,5.478361702,5.745285285,4.241221771,2.899894144,-0.174044541,0.966043846,-0.186220369,1.025619351,2.277806182,4.33272251
Pakistan,PAK,GINI index,SI.POV.GINI,,,,,,,,33.35,,,,33.23,,,,,,28.65,,33.02,,,30.39,,,31.18,32.74,,30.02,,,29.63,,
Pakistan,PAK,Gross domestic savings (% of GDP),NY.GDS.TOTL.ZS,6.869169224,8.079024315,7.442329317,7.740735808,6.714769884,5.9293482,8.008491256,11.36552732,9.930447645,11.04761473,11.1024915,17.46560522,17.06748401,14.68386944,16.78440386,15.83270898,14.47273406,13.23083689,16.66905682,13.95197828,15.97967231,15.9439014,16.49236613,17.35145769,17.61168178,15.20695617,11.91819536,12.22586757,8.376265256,10.26913703,9.968167073,9.110598495,6.985996917,8.146477648
Pakistan,PAK,Gross fixed capital formation (% of GDP),NE.GDI.FTOT.ZS,17.62902501,17.1566095,16.83710683,16.96081319,16.48396265,16.49874891,17.02517903,17.47487733,16.47435772,17.3005345,17.29975007,17.47239172,18.68513546,19.23541737,17.97061567,17.03420615,17.37707253,16.34299876,15.04468834,13.9313887,15.87538887,15.66139881,15.28016774,15.10431024,14.97801645,17.46123178,17.73199402,17.18706472,17.60584829,15.94948282,14.20455753,12.51485586,13.31568053,12.62365458
Pakistan,PAK,Household final consumption expenditure per capita (constant 2005 US$),NE.CON.PRVT.PC.KD,,,,,,,364.3519792,364.972452,389.3949294,380.6407995,386.2257638,370.6372449,407.9360094,406.1543917,409.6362102,427.3461976,445.8396619,452.3311203,447.5287621,469.0076215,460.2688346,453.2465741,450.8895621,444.6621172,481.1277578,533.3905845,528.9879229,541.2784705,549.8287473,536.0220753,535.7303796,549.9340981,572.2441299,585.2862639
Pakistan,PAK,Market capitalization of listed companies (% of GDP),CM.MKT.LCAP.GD.ZS,,,,,,,,,6.394137593,6.123817447,7.123143106,16.12691658,16.51066131,22.53374277,23.70179919,15.31431661,16.80191318,17.56433328,8.711737602,11.05962883,8.899470778,6.837211797,14.1061935,19.91548996,29.60077692,41.9505735,33.16063916,46.10814694,13.81171644,19.79957522,21.54401249,15.3326447,19.42202803,
Pakistan,PAK,Mobile cellular subscriptions (per 100 people),IT.CEL.SETS.P2,0,0,0,0,0,0,0,0,0,0,0.001800328,0.007441181,0.011509801,0.013296024,0.019977168,0.032334152,0.052303248,0.101070011,0.142990386,0.188940993,0.213090946,0.505665777,1.13467446,1.577483539,3.2374237,8.084502503,21.44519233,38.34402045,52.7038814,55.46464341,57.28341989,61.81345992,67.06360938,70.13037598
Pakistan,PAK,Poverty gap at $2 a day (PPP) (%),SI.POV.GAP2,,,,,,,,45.2,,,,44.15,,,,,,33.2,,22.54,,,26.46,,,18.74,18.78,,15.73,,,13.25,,
Pakistan,PAK,Poverty headcount ratio at $2 a day (PPP) (% of population),SI.POV.2DAY,,,,,,,,89.16,,,,88.18,,,,,,83.26,,66.54,,,73.91,,,60.31,60.98,,55.83,,,50.67,,
Pakistan,PAK,Telephone lines (per 100 people),IT.MLT.MAIN.P2,0.378824358,0.39516237,0.394513861,0.434006193,0.481313608,0.480753694,0.530151177,0.576560809,0.608690838,0.734444018,0.759149633,0.977082282,1.060239364,1.270160907,1.482370328,1.679178391,1.827120539,1.914421417,1.94036297,2.044381749,2.122934884,2.21439782,2.441969429,2.65544134,2.901830196,3.309352518,3.256571358,2.931894706,2.644624692,3.612267356,3.510897699,3.247910229,3.271886229,3.497732112
Pakistan,PAK,Trade (% of GDP),NE.TRD.GNFS.ZS,36.58720141,35.32948849,31.7100938,34.89608087,33.69652589,33.2375269,34.56735175,34.23845688,35.25660834,35.63006854,38.90949488,35.55468347,37.88785965,38.74734536,35.3270506,36.13275367,38.33012683,36.8522661,34.01172518,32.31996281,28.12960732,30.37153377,30.53762992,32.84449575,30.30012871,35.25329003,35.68172966,32.99042857,35.59420149,32.07184826,32.86892658,32.92472043,32.59295694,31.56516681
Sri Lanka,LKA,Domestic credit to private sector (% of GDP),FS.AST.PRVT.GD.ZS,17.16521112,18.13634492,19.62423668,21.0762247,19.30255096,20.68366436,20.3556504,20.19158919,21.79956032,20.18055429,19.6162954,8.821200768,9.056628175,9.833355019,10.9574086,31.06684617,29.8959939,29.44187906,28.72261505,29.25772448,28.83455038,28.10742448,27.63421122,28.92317171,30.62022277,32.89853912,33.97362304,33.25521025,28.6961394,24.73897307,26.61856871,30.64409001,31.08887731,
Sri Lanka,LKA,"Final consumption expenditure, etc. (% of GDP)",NE.CON.TETC.ZS,88.81206127,88.3018646,88.13962393,86.21146208,80.11265334,88.13056197,87.95145815,87.17181011,87.98280942,87.7720919,85.67641648,87.24355101,84.98764352,83.98826979,84.77785606,84.70870297,84.67820467,82.67520188,80.87056207,80.49357845,82.56576211,84.23220648,83.9902765,84.00877272,83.56737791,82.10277147,83.02421495,82.42439687,86.13370903,82.05852262,80.72990794,84.6069109,83.07513544,79.9506564
Sri Lanka,LKA,GDP growth (annual %),NY.GDP.MKTP.KD.ZG,5.84603266,5.699521555,4.141507117,4.813978257,5.099155876,4.999397136,4.355549402,1.725610669,2.472692998,2.299295875,6.4,4.6,4.4,6.9,5.6,5.5,3.8,6.405415961,4.698397161,4.300572631,6,-1.545372866,3.964656496,5.940269077,5.445061279,6.241748044,7.668291899,6.79682612,5.950088146,3.538912053,8.015959406,8.245909534,6.341361551,7.250906975
Sri Lanka,LKA,GDP per capita (constant 2005 US$),NY.GDP.PCAP.KD,543.4936708,570.6009418,580.5849399,599.8109416,622.8814188,644.1548495,660.3318611,661.6341032,668.7632027,674.9504099,710.1279605,731.9532809,757.1868095,799.3411662,832.5450772,866.4695906,889.5852754,934.739924,967.4039879,994.6056033,1051.743097,1052.291594,1086.841667,1136.269541,1181.988186,1242.40435,1323.260064,1400.435182,1470.698567,1505.39568,1610.084837,1724.81198,1883.00279,2004.255223
Sri Lanka,LKA,GDP per capita growth (annual %),NY.GDP.PCAP.KD.ZG,3.8722306,4.987596442,1.749733888,3.311488201,3.846291491,3.415325938,2.511354476,0.19721024,1.077498792,0.925171604,5.211871878,3.073434876,3.44742339,5.567233367,4.153909787,4.074795986,2.667801047,5.07592132,3.494454775,2.811815507,5.744738771,0.052151275,3.28331738,4.547844949,4.023573959,5.11140161,6.508003125,5.832195872,5.017253616,2.359226649,6.954261843,7.125534027,9.171481415,6.439312454
Sri Lanka,LKA,GINI index,SI.POV.GINI,,,,,,32.47,,,,,,32.48,,,,,35.41,,,,,,41.06,,,,,40.26,,,36.4,,,
Sri Lanka,LKA,Gross domestic savings (% of GDP),NY.GDS.TOTL.ZS,11.18793873,11.6981354,11.86037607,13.78853792,19.88734666,11.86943803,12.04854185,12.82818989,12.01719058,12.2279081,14.32358352,12.75644899,15.01235648,16.01173021,15.22214394,15.29129703,15.32179533,17.32479812,19.12943793,19.50642155,17.43423789,15.76779352,16.0097235,15.99122728,16.43262209,17.89722853,16.97578505,17.57560313,13.86629097,17.94147738,19.27009206,15.3930891,16.92486456,20.0493436
Sri Lanka,LKA,Gross fixed capital formation (% of GDP),NE.GDI.FTOT.ZS,31.33314293,27.38544791,30.51149761,29.06390572,25.72944987,23.68406467,23.58336026,23.25706704,22.50677983,21.53669643,21.88331303,22.61504787,23.52292473,25.19692132,26.63862238,25.58882373,23.89041931,24.3602805,25.11959889,27.28190068,28.03609977,22.00117791,20.0732624,20.0384314,22.63792417,23.37195071,24.8720514,24.72101508,25.28656566,23.73051643,25.90961909,27.08895326,28.89476013,29.24470853
Sri Lanka,LKA,Household final consumption expenditure per capita (constant 2005 US$),NE.CON.PRVT.PC.KD,,,,,,,,,,506.771303,471.7086008,496.9364733,516.9356672,549.0288707,577.4246185,598.8350821,586.4096428,619.7691569,658.7324122,690.8281533,711.5225064,729.1740442,783.1209312,836.979849,852.5778455,857.4339664,903.7495118,930.8569824,991.9639272,989.8604232,1069.881782,1214.377786,,
Sri Lanka,LKA,Market capitalization of listed companies (% of GDP),CM.MKT.LCAP.GD.ZS,,,,,,,,,6.749425629,6.111115522,11.41604928,21.55468719,14.8407531,24.1810375,24.57840313,15.33420089,13.29712756,13.88821631,10.7945738,10.11747954,6.577322129,8.456185847,9.829485886,14.35813833,17.69875576,23.43701947,27.48341589,23.34742971,10.62446026,19.33324186,40.19538242,32.84496844,28.70030348,
Sri Lanka,LKA,Mobile cellular subscriptions (per 100 people),IT.CEL.SETS.P2,0,0,0,0,0,0,0,0,0,0,0.00583007,0.010266433,0.014909799,0.081953185,0.161302474,0.281311331,0.386704011,0.62189487,0.937791896,1.372850693,2.282674554,3.50715883,4.835730796,7.144934955,11.20278283,16.84991212,26.87761576,39.32382822,54.18660423,79.14612039,83.62395495,87.54590803,91.63310875,95.49632054
Sri Lanka,LKA,Poverty gap at $2 a day (PPP) (%),SI.POV.GAP2,,,,,,16.13,,,,,,13.95,,,,,13.66,,,,,,11.85,,,,,7.38,,,5.37,,,
Sri Lanka,LKA,Poverty headcount ratio at $2 a day (PPP) (% of population),SI.POV.2DAY,,,,,,51.67,,,,,,49.5,,,,,46.68,,,,,,39.74,,,,,29.13,,,23.85,,,
Sri Lanka,LKA,Telephone lines (per 100 people),IT.MLT.MAIN.P2,0.360535948,0.432297501,0.454100177,0.467470122,0.506483547,0.542099612,0.561096911,0.584814682,0.61335895,0.616646888,0.700693611,0.71770354,0.764121565,0.88037597,0.998945526,1.120234829,1.388566238,1.849218101,2.818344528,3.579093515,4.071923334,4.345169035,4.584989045,4.814965094,5.02209035,6.235155409,9.356039163,13.50640767,16.85089863,16.67806138,17.23831156,17.2439678,16.34929763,12.72391289
Sri Lanka,LKA,Trade (% of GDP),NE.TRD.GNFS.ZS,87.01730125,76.99547085,73.61393821,67.76013355,63.54766953,63.97721324,59.04755006,60.88866071,62.91320918,64.0169756,68.24391517,67.59591239,72.80375656,77.14751834,79.4307907,81.63504909,78.87396371,80.13755331,78.49498913,78.75147835,88.63646274,80.89862447,76.33513178,75.33624733,79.4829449,73.60397296,71.26117849,68.60651166,63.36904361,49.14914153,53.06157773,60.6633826,59.3322552,54.4737009